,0,1,2
0,730,Counter-Strike: Global Offensive,"[{""name"": ""FPS"", ""tagid"": 1663}, {""name"": ""Shooter"", ""tagid"": 1774}, {""name"": ""Multiplayer"", ""tagid"": 3859}, {""name"": ""Competitive"", ""tagid"": 3878}, {""name"": ""Action"", ""tagid"": 19}, {""name"": ""Team-Based"", ""tagid"": 5711}, {""name"": ""eSports"", ""tagid"": 5055}, {""name"": ""Tactical"", ""tagid"": 1708}, {""name"": ""First-Person"", ""tagid"": 3839}, {""name"": ""PvP"", ""tagid"": 1775}]"
1,271590,Grand Theft Auto V,"[{""name"": ""Open World"", ""tagid"": 1695}, {""name"": ""Action"", ""tagid"": 19}, {""name"": ""Multiplayer"", ""tagid"": 3859}, {""name"": ""Automobile Sim"", ""tagid"": 1100687}, {""name"": ""Crime"", ""tagid"": 6378}, {""name"": ""Third Person"", ""tagid"": 1697}, {""name"": ""First-Person"", ""tagid"": 3839}, {""name"": ""Shooter"", ""tagid"": 1774}, {""name"": ""Adventure"", ""tagid"": 21}, {""name"": ""Mature"", ""tagid"": 5611}]"
2,289070,Sid Meier’s Civilization® VI,"[{""name"": ""Strategy"", ""tagid"": 9}, {""name"": ""Turn-Based Strategy"", ""tagid"": 1741}, {""name"": ""Multiplayer"", ""tagid"": 3859}, {""name"": ""Historical"", ""tagid"": 3987}, {""name"": ""Singleplayer"", ""tagid"": 4182}, {""name"": ""Turn-Based"", ""tagid"": 1677}, {""name"": ""Grand Strategy"", ""tagid"": 4364}, {""name"": ""4X"", ""tagid"": 1670}, {""name"": ""War"", ""tagid"": 1678}, {""name"": ""Simulation"", ""tagid"": 599}]"
3,230410,Warframe,"[{""name"": ""Free to Play"", ""tagid"": 113}, {""name"": ""Action RPG"", ""tagid"": 4231}, {""name"": ""RPG"", ""tagid"": 122}, {""name"": ""Action"", ""tagid"": 19}, {""name"": ""Third-Person Shooter"", ""tagid"": 3814}, {""name"": ""Looter Shooter"", ""tagid"": 353880}, {""name"": ""Third Person"", ""tagid"": 1697}, {""name"": ""Character Customization"", ""tagid"": 4747}, {""name"": ""Lore-Rich"", ""tagid"": 3854}, {""name"": ""Online Co-Op"", ""tagid"": 3843}]"
4,578080,PUBG: BATTLEGROUNDS,"[{""name"": ""Survival"", ""tagid"": 1662}, {""name"": ""Shooter"", ""tagid"": 1774}, {""name"": ""Multiplayer"", ""tagid"": 3859}, {""name"": ""Battle Royale"", ""tagid"": 176981}, {""name"": ""FPS"", ""tagid"": 1663}, {""name"": ""PvP"", ""tagid"": 1775}, {""name"": ""Third-Person Shooter"", ""tagid"": 3814}, {""name"": ""Action"", ""tagid"": 19}, {""name"": ""Online Co-Op"", ""tagid"": 3843}, {""name"": ""Tactical"", ""tagid"": 1708}]"
5,814380,Sekiro™: Shadows Die Twice - GOTY Edition,"[{""name"": ""Souls-like"", ""tagid"": 29482}, {""name"": ""Difficult"", ""tagid"": 4026}, {""name"": ""Action"", ""tagid"": 19}, {""name"": ""Singleplayer"", ""tagid"": 4182}, {""name"": ""Ninja"", ""tagid"": 1688}, {""name"": ""Stealth"", ""tagid"": 1687}, {""name"": ""Adventure"", ""tagid"": 21}, {""name"": ""Third Person"", ""tagid"": 1697}, {""name"": ""Open World"", ""tagid"": 1695}, {""name"": ""Story Rich"", ""tagid"": 1742}]"
6,582010,Monster Hunter: World,"[{""name"": ""Co-op"", ""tagid"": 1685}, {""name"": ""Multiplayer"", ""tagid"": 3859}, {""name"": ""Action"", ""tagid"": 19}, {""name"": ""Open World"", ""tagid"": 1695}, {""name"": ""RPG"", ""tagid"": 122}, {""name"": ""Third Person"", ""tagid"": 1697}, {""name"": ""Character Customization"", ""tagid"": 4747}, {""name"": ""Adventure"", ""tagid"": 21}, {""name"": ""Fantasy"", ""tagid"": 1684}, {""name"": ""Singleplayer"", ""tagid"": 4182}]"
7,1085660,Destiny 2,"[{""name"": ""Free to Play"", ""tagid"": 113}, {""name"": ""Open World"", ""tagid"": 1695}, {""name"": ""FPS"", ""tagid"": 1663}, {""name"": ""Looter Shooter"", ""tagid"": 353880}, {""name"": ""PvP"", ""tagid"": 1775}, {""name"": ""PvE"", ""tagid"": 6730}, {""name"": ""MMORPG"", ""tagid"": 1754}, {""name"": ""Co-op"", ""tagid"": 1685}, {""name"": ""Shooter"", ""tagid"": 1774}, {""name"": ""First-Person"", ""tagid"": 3839}]"
8,359550,Tom Clancy's Rainbow Six® Siege,"[{""name"": ""FPS"", ""tagid"": 1663}, {""name"": ""Hero Shooter"", ""tagid"": 620519}, {""name"": ""Multiplayer"", ""tagid"": 3859}, {""name"": ""Tactical"", ""tagid"": 1708}, {""name"": ""Shooter"", ""tagid"": 1774}, {""name"": ""Team-Based"", ""tagid"": 5711}, {""name"": ""Action"", ""tagid"": 19}, {""name"": ""First-Person"", ""tagid"": 3839}, {""name"": ""Competitive"", ""tagid"": 3878}, {""name"": ""Co-op"", ""tagid"": 1685}]"
9,570,Dota 2,"[{""name"": ""Free to Play"", ""tagid"": 113}, {""name"": ""MOBA"", ""tagid"": 1718}, {""name"": ""Multiplayer"", ""tagid"": 3859}, {""name"": ""Strategy"", ""tagid"": 9}, {""name"": ""eSports"", ""tagid"": 5055}, {""name"": ""Team-Based"", ""tagid"": 5711}, {""name"": ""Competitive"", ""tagid"": 3878}, {""name"": ""Action"", ""tagid"": 19}, {""name"": ""Online Co-Op"", ""tagid"": 3843}, {""name"": ""PvP"", ""tagid"": 1775}]"
10,779340,Total War: THREE KINGDOMS,"[{""name"": ""Strategy"", ""tagid"": 9}, {""name"": ""Historical"", ""tagid"": 3987}, {""name"": ""War"", ""tagid"": 1678}, {""name"": ""Turn-Based Strategy"", ""tagid"": 1741}, {""name"": ""Grand Strategy"", ""tagid"": 4364}, {""name"": ""RTS"", ""tagid"": 1676}, {""name"": ""Military"", ""tagid"": 4168}, {""name"": ""Multiplayer"", ""tagid"": 3859}, {""name"": ""Tactical"", ""tagid"": 1708}, {""name"": ""Singleplayer"", ""tagid"": 4182}]"
11,306130,The Elder Scrolls® Online,"[{""name"": ""RPG"", ""tagid"": 122}, {""name"": ""MMORPG"", ""tagid"": 1754}, {""name"": ""Adventure"", ""tagid"": 21}, {""name"": ""Exploration"", ""tagid"": 3834}, {""name"": ""Fantasy"", ""tagid"": 1684}, {""name"": ""Open World"", ""tagid"": 1695}, {""name"": ""Action"", ""tagid"": 19}, {""name"": ""Multiplayer"", ""tagid"": 3859}, {""name"": ""Singleplayer"", ""tagid"": 4182}, {""name"": ""Massively Multiplayer"", ""tagid"": 128}]"
12,976730,Halo: The Master Chief Collection,"[{""name"": ""Great Soundtrack"", ""tagid"": 1756}, {""name"": ""FPS"", ""tagid"": 1663}, {""name"": ""Classic"", ""tagid"": 1693}, {""name"": ""Multiplayer"", ""tagid"": 3859}, {""name"": ""Story Rich"", ""tagid"": 1742}, {""name"": ""Sci-fi"", ""tagid"": 3942}, {""name"": ""Co-op"", ""tagid"": 1685}, {""name"": ""First-Person"", ""tagid"": 3839}, {""name"": ""Epic"", ""tagid"": 3965}, {""name"": ""Action"", ""tagid"": 19}]"
13,812140,Assassin's Creed® Odyssey,"[{""name"": ""Open World"", ""tagid"": 1695}, {""name"": ""RPG"", ""tagid"": 122}, {""name"": ""Singleplayer"", ""tagid"": 4182}, {""name"": ""Assassin"", ""tagid"": 4376}, {""name"": ""Action"", ""tagid"": 19}, {""name"": ""Adventure"", ""tagid"": 21}, {""name"": ""Historical"", ""tagid"": 3987}, {""name"": ""Stealth"", ""tagid"": 1687}, {""name"": ""Story Rich"", ""tagid"": 1742}, {""name"": ""Female Protagonist"", ""tagid"": 7208}]"
14,39210,FINAL FANTASY XIV Online,"[{""name"": ""MMORPG"", ""tagid"": 1754}, {""name"": ""RPG"", ""tagid"": 122}, {""name"": ""Massively Multiplayer"", ""tagid"": 128}, {""name"": ""Fantasy"", ""tagid"": 1684}, {""name"": ""JRPG"", ""tagid"": 4434}, {""name"": ""Great Soundtrack"", ""tagid"": 1756}, {""name"": ""Character Customization"", ""tagid"": 4747}, {""name"": ""Story Rich"", ""tagid"": 1742}, {""name"": ""Open World"", ""tagid"": 1695}, {""name"": ""Anime"", ""tagid"": 4085}]"
15,252950,Rocket League®,"[{""name"": ""Multiplayer"", ""tagid"": 3859}, {""name"": ""Soccer"", ""tagid"": 1679}, {""name"": ""Competitive"", ""tagid"": 3878}, {""name"": ""Sports"", ""tagid"": 701}, {""name"": ""Racing"", ""tagid"": 699}, {""name"": ""Team-Based"", ""tagid"": 5711}, {""name"": ""Online Co-Op"", ""tagid"": 3843}, {""name"": ""Football"", ""tagid"": 7226}, {""name"": ""Fast-Paced"", ""tagid"": 1734}, {""name"": ""Co-op"", ""tagid"": 1685}]"
16,292030,The Witcher® 3: Wild Hunt,"[{""name"": ""Open World"", ""tagid"": 1695}, {""name"": ""RPG"", ""tagid"": 122}, {""name"": ""Story Rich"", ""tagid"": 1742}, {""name"": ""Atmospheric"", ""tagid"": 4166}, {""name"": ""Mature"", ""tagid"": 5611}, {""name"": ""Fantasy"", ""tagid"": 1684}, {""name"": ""Adventure"", ""tagid"": 21}, {""name"": ""Singleplayer"", ""tagid"": 4182}, {""name"": ""Choices Matter"", ""tagid"": 6426}, {""name"": ""Nudity"", ""tagid"": 6650}]"
17,238960,Path of Exile,"[{""name"": ""Free to Play"", ""tagid"": 113}, {""name"": ""Action RPG"", ""tagid"": 4231}, {""name"": ""Hack and Slash"", ""tagid"": 1646}, {""name"": ""RPG"", ""tagid"": 122}, {""name"": ""Multiplayer"", ""tagid"": 3859}, {""name"": ""Loot"", ""tagid"": 4236}, {""name"": ""Massively Multiplayer"", ""tagid"": 128}, {""name"": ""Dungeon Crawler"", ""tagid"": 1720}, {""name"": ""Character Customization"", ""tagid"": 4747}, {""name"": ""Inventory Management"", ""tagid"": 6276}]"
18,883710,Resident Evil 2,"[{""name"": ""Zombies"", ""tagid"": 1659}, {""name"": ""Survival Horror"", ""tagid"": 3978}, {""name"": ""Horror"", ""tagid"": 1667}, {""name"": ""Remake"", ""tagid"": 5708}, {""name"": ""Singleplayer"", ""tagid"": 4182}, {""name"": ""Third Person"", ""tagid"": 1697}, {""name"": ""Gore"", ""tagid"": 4345}, {""name"": ""Action"", ""tagid"": 19}, {""name"": ""Atmospheric"", ""tagid"": 4166}, {""name"": ""Puzzle"", ""tagid"": 1664}]"
19,1172380,STAR WARS Jedi: Fallen Order™,"[{""name"": ""Action-Adventure"", ""tagid"": 4106}, {""name"": ""Third Person"", ""tagid"": 1697}, {""name"": ""Souls-like"", ""tagid"": 29482}, {""name"": ""Swordplay"", ""tagid"": 4608}, {""name"": ""Platformer"", ""tagid"": 1625}, {""name"": ""Open World"", ""tagid"": 1695}, {""name"": ""Story Rich"", ""tagid"": 1742}, {""name"": ""Exploration"", ""tagid"": 3834}, {""name"": ""RPG"", ""tagid"": 122}, {""name"": ""Action"", ""tagid"": 19}]"
20,381210,Dead by Daylight,"[{""name"": ""Horror"", ""tagid"": 1667}, {""name"": ""Survival Horror"", ""tagid"": 3978}, {""name"": ""Multiplayer"", ""tagid"": 3859}, {""name"": ""Online Co-Op"", ""tagid"": 3843}, {""name"": ""Survival"", ""tagid"": 1662}, {""name"": ""Co-op"", ""tagid"": 1685}, {""name"": ""Gore"", ""tagid"": 4345}, {""name"": ""Team-Based"", ""tagid"": 5711}, {""name"": ""Stealth"", ""tagid"": 1687}, {""name"": ""Blood"", ""tagid"": 5228}]"
21,601150,Devil May Cry 5,"[{""name"": ""Action"", ""tagid"": 19}, {""name"": ""Hack and Slash"", ""tagid"": 1646}, {""name"": ""Great Soundtrack"", ""tagid"": 1756}, {""name"": ""Character Action Game"", ""tagid"": 3955}, {""name"": ""Demons"", ""tagid"": 9541}, {""name"": ""Spectacle fighter"", ""tagid"": 4777}, {""name"": ""Third Person"", ""tagid"": 1697}, {""name"": ""Singleplayer"", ""tagid"": 4182}, {""name"": ""Violent"", ""tagid"": 4667}, {""name"": ""Stylized"", ""tagid"": 4252}]"
22,629760,MORDHAU,"[{""name"": ""Medieval"", ""tagid"": 4172}, {""name"": ""Multiplayer"", ""tagid"": 3859}, {""name"": ""First-Person"", ""tagid"": 3839}, {""name"": ""Swordplay"", ""tagid"": 4608}, {""name"": ""Gore"", ""tagid"": 4345}, {""name"": ""PvP"", ""tagid"": 1775}, {""name"": ""Online Co-Op"", ""tagid"": 3843}, {""name"": ""Action"", ""tagid"": 19}, {""name"": ""Fighting"", ""tagid"": 1743}, {""name"": ""PvE"", ""tagid"": 6730}]"
23,594570,Total War: WARHAMMER II,"[{""name"": ""Strategy"", ""tagid"": 9}, {""name"": ""Fantasy"", ""tagid"": 1684}, {""name"": ""Turn-Based Strategy"", ""tagid"": 1741}, {""name"": ""RTS"", ""tagid"": 1676}, {""name"": ""Grand Strategy"", ""tagid"": 4364}, {""name"": ""War"", ""tagid"": 1678}, {""name"": ""Multiplayer"", ""tagid"": 3859}, {""name"": ""Games Workshop"", ""tagid"": 5310}, {""name"": ""Action"", ""tagid"": 19}, {""name"": ""Turn-Based"", ""tagid"": 1677}]"
24,255710,Cities: Skylines,"[{""name"": ""City Builder"", ""tagid"": 4328}, {""name"": ""Simulation"", ""tagid"": 599}, {""name"": ""Building"", ""tagid"": 1643}, {""name"": ""Management"", ""tagid"": 12472}, {""name"": ""Strategy"", ""tagid"": 9}, {""name"": ""Sandbox"", ""tagid"": 3810}, {""name"": ""Singleplayer"", ""tagid"": 4182}, {""name"": ""Moddable"", ""tagid"": 1669}, {""name"": ""Economy"", ""tagid"": 4695}, {""name"": ""Resource Management"", ""tagid"": 8945}]"
25,582660,Black Desert,"[{""name"": ""MMORPG"", ""tagid"": 1754}, {""name"": ""Massively Multiplayer"", ""tagid"": 128}, {""name"": ""RPG"", ""tagid"": 122}, {""name"": ""Open World"", ""tagid"": 1695}, {""name"": ""Character Customization"", ""tagid"": 4747}, {""name"": ""Adventure"", ""tagid"": 21}, {""name"": ""Fantasy"", ""tagid"": 1684}, {""name"": ""Strategy"", ""tagid"": 9}, {""name"": ""Action"", ""tagid"": 19}, {""name"": ""3D"", ""tagid"": 4191}]"
26,346110,ARK: Survival Evolved,"[{""name"": ""Open World Survival Craft"", ""tagid"": 1100689}, {""name"": ""Survival"", ""tagid"": 1662}, {""name"": ""Open World"", ""tagid"": 1695}, {""name"": ""Multiplayer"", ""tagid"": 3859}, {""name"": ""Dinosaurs"", ""tagid"": 5160}, {""name"": ""Crafting"", ""tagid"": 1702}, {""name"": ""Building"", ""tagid"": 1643}, {""name"": ""Adventure"", ""tagid"": 21}, {""name"": ""Base Building"", ""tagid"": 7332}, {""name"": ""Co-op"", ""tagid"": 1685}]"
27,236390,War Thunder,"[{""name"": ""Free to Play"", ""tagid"": 113}, {""name"": ""World War II"", ""tagid"": 4150}, {""name"": ""Multiplayer"", ""tagid"": 3859}, {""name"": ""Simulation"", ""tagid"": 599}, {""name"": ""Flight"", ""tagid"": 15045}, {""name"": ""War"", ""tagid"": 1678}, {""name"": ""Tanks"", ""tagid"": 13276}, {""name"": ""Military"", ""tagid"": 4168}, {""name"": ""Massively Multiplayer"", ""tagid"": 128}, {""name"": ""Action"", ""tagid"": 19}]"
28,703080,Planet Zoo,"[{""name"": ""Management"", ""tagid"": 12472}, {""name"": ""Simulation"", ""tagid"": 599}, {""name"": ""Building"", ""tagid"": 1643}, {""name"": ""Sandbox"", ""tagid"": 3810}, {""name"": ""Nature"", ""tagid"": 30358}, {""name"": ""City Builder"", ""tagid"": 4328}, {""name"": ""Economy"", ""tagid"": 4695}, {""name"": ""Realistic"", ""tagid"": 4175}, {""name"": ""Family Friendly"", ""tagid"": 5350}, {""name"": ""Singleplayer"", ""tagid"": 4182}]"
29,632360,Risk of Rain 2,"[{""name"": ""Third-Person Shooter"", ""tagid"": 3814}, {""name"": ""Action Roguelike"", ""tagid"": 42804}, {""name"": ""Multiplayer"", ""tagid"": 3859}, {""name"": ""Action"", ""tagid"": 19}, {""name"": ""Roguelite"", ""tagid"": 3959}, {""name"": ""Co-op"", ""tagid"": 1685}, {""name"": ""Looter Shooter"", ""tagid"": 353880}, {""name"": ""Roguelike"", ""tagid"": 1716}, {""name"": ""Loot"", ""tagid"": 4236}, {""name"": ""Shooter"", ""tagid"": 1774}]"
30,49520,Borderlands 2,"[{""name"": ""Loot"", ""tagid"": 4236}, {""name"": ""Shooter"", ""tagid"": 1774}, {""name"": ""Action"", ""tagid"": 19}, {""name"": ""Multiplayer"", ""tagid"": 3859}, {""name"": ""Co-op"", ""tagid"": 1685}, {""name"": ""Looter Shooter"", ""tagid"": 353880}, {""name"": ""FPS"", ""tagid"": 1663}, {""name"": ""RPG"", ""tagid"": 122}, {""name"": ""First-Person"", ""tagid"": 3839}, {""name"": ""Funny"", ""tagid"": 4136}]"
31,252490,Rust,"[{""name"": ""Survival"", ""tagid"": 1662}, {""name"": ""Crafting"", ""tagid"": 1702}, {""name"": ""Multiplayer"", ""tagid"": 3859}, {""name"": ""Open World"", ""tagid"": 1695}, {""name"": ""Open World Survival Craft"", ""tagid"": 1100689}, {""name"": ""Building"", ""tagid"": 1643}, {""name"": ""Sandbox"", ""tagid"": 3810}, {""name"": ""PvP"", ""tagid"": 1775}, {""name"": ""Adventure"", ""tagid"": 21}, {""name"": ""First-Person"", ""tagid"": 3839}]"
32,617290,Remnant: From the Ashes,"[{""name"": ""Souls-like"", ""tagid"": 29482}, {""name"": ""Action"", ""tagid"": 19}, {""name"": ""RPG"", ""tagid"": 122}, {""name"": ""Adventure"", ""tagid"": 21}, {""name"": ""Co-op"", ""tagid"": 1685}, {""name"": ""Third-Person Shooter"", ""tagid"": 3814}, {""name"": ""Multiplayer"", ""tagid"": 3859}, {""name"": ""Online Co-Op"", ""tagid"": 3843}, {""name"": ""Shooter"", ""tagid"": 1774}, {""name"": ""Post-apocalyptic"", ""tagid"": 3835}]"
33,435150,Divinity: Original Sin 2 - Definitive Edition,"[{""name"": ""Tactical RPG"", ""tagid"": 21725}, {""name"": ""Exploration"", ""tagid"": 3834}, {""name"": ""Turn-Based Strategy"", ""tagid"": 1741}, {""name"": ""RPG"", ""tagid"": 122}, {""name"": ""Story Rich"", ""tagid"": 1742}, {""name"": ""CRPG"", ""tagid"": 4474}, {""name"": ""Fantasy"", ""tagid"": 1684}, {""name"": ""Party-Based RPG"", ""tagid"": 10695}, {""name"": ""Character Customization"", ""tagid"": 4747}, {""name"": ""Strategy RPG"", ""tagid"": 17305}]"
34,281990,Stellaris,"[{""name"": ""Space"", ""tagid"": 1755}, {""name"": ""Grand Strategy"", ""tagid"": 4364}, {""name"": ""Strategy"", ""tagid"": 9}, {""name"": ""Sci-fi"", ""tagid"": 3942}, {""name"": ""Exploration"", ""tagid"": 3834}, {""name"": ""4X"", ""tagid"": 1670}, {""name"": ""Sandbox"", ""tagid"": 3810}, {""name"": ""Simulation"", ""tagid"": 599}, {""name"": ""Real-Time with Pause"", ""tagid"": 7107}, {""name"": ""Moddable"", ""tagid"": 1669}]"
35,678960,CODE VEIN,"[{""name"": ""Souls-like"", ""tagid"": 29482}, {""name"": ""Anime"", ""tagid"": 4085}, {""name"": ""Character Customization"", ""tagid"": 4747}, {""name"": ""Action RPG"", ""tagid"": 4231}, {""name"": ""Co-op"", ""tagid"": 1685}, {""name"": ""JRPG"", ""tagid"": 4434}, {""name"": ""Third Person"", ""tagid"": 1697}, {""name"": ""Action"", ""tagid"": 19}, {""name"": ""Difficult"", ""tagid"": 4026}, {""name"": ""Singleplayer"", ""tagid"": 4182}]"
36,1174180,Red Dead Redemption 2,"[{""name"": ""Open World"", ""tagid"": 1695}, {""name"": ""Adventure"", ""tagid"": 21}, {""name"": ""Story Rich"", ""tagid"": 1742}, {""name"": ""Western"", ""tagid"": 1647}, {""name"": ""Action"", ""tagid"": 19}, {""name"": ""Multiplayer"", ""tagid"": 3859}, {""name"": ""Realistic"", ""tagid"": 4175}, {""name"": ""Shooter"", ""tagid"": 1774}, {""name"": ""Singleplayer"", ""tagid"": 4182}, {""name"": ""Atmospheric"", ""tagid"": 4166}]"
37,227300,Euro Truck Simulator 2,"[{""name"": ""Transportation"", ""tagid"": 10383}, {""name"": ""Driving"", ""tagid"": 1644}, {""name"": ""Simulation"", ""tagid"": 599}, {""name"": ""Open World"", ""tagid"": 1695}, {""name"": ""Automobile Sim"", ""tagid"": 1100687}, {""name"": ""Realistic"", ""tagid"": 4175}, {""name"": ""Moddable"", ""tagid"": 1669}, {""name"": ""Relaxing"", ""tagid"": 1654}, {""name"": ""Immersive Sim"", ""tagid"": 9204}, {""name"": ""Exploration"", ""tagid"": 3834}]"
38,107410,Arma 3,"[{""name"": ""Action"", ""tagid"": 19}, {""name"": ""Multiplayer"", ""tagid"": 3859}, {""name"": ""Military"", ""tagid"": 4168}, {""name"": ""Simulation"", ""tagid"": 599}, {""name"": ""Shooter"", ""tagid"": 1774}, {""name"": ""First-Person"", ""tagid"": 3839}, {""name"": ""Realistic"", ""tagid"": 4175}, {""name"": ""Open World"", ""tagid"": 1695}, {""name"": ""Tactical"", ""tagid"": 1708}, {""name"": ""FPS"", ""tagid"": 1663}]"
39,440,Team Fortress 2,"[{""name"": ""Free to Play"", ""tagid"": 113}, {""name"": ""Hero Shooter"", ""tagid"": 620519}, {""name"": ""Multiplayer"", ""tagid"": 3859}, {""name"": ""FPS"", ""tagid"": 1663}, {""name"": ""Shooter"", ""tagid"": 1774}, {""name"": ""Action"", ""tagid"": 19}, {""name"": ""Class-Based"", ""tagid"": 4155}, {""name"": ""Team-Based"", ""tagid"": 5711}, {""name"": ""Funny"", ""tagid"": 4136}, {""name"": ""First-Person"", ""tagid"": 3839}]"
40,270880,American Truck Simulator,"[{""name"": ""Automobile Sim"", ""tagid"": 1100687}, {""name"": ""Driving"", ""tagid"": 1644}, {""name"": ""Transportation"", ""tagid"": 10383}, {""name"": ""Open World"", ""tagid"": 1695}, {""name"": ""America"", ""tagid"": 13190}, {""name"": ""Realistic"", ""tagid"": 4175}, {""name"": ""Simulation"", ""tagid"": 599}, {""name"": ""Moddable"", ""tagid"": 1669}, {""name"": ""Relaxing"", ""tagid"": 1654}, {""name"": ""Immersive Sim"", ""tagid"": 9204}]"
41,386360,SMITE®,"[{""name"": ""Free to Play"", ""tagid"": 113}, {""name"": ""MOBA"", ""tagid"": 1718}, {""name"": ""Multiplayer"", ""tagid"": 3859}, {""name"": ""Action"", ""tagid"": 19}, {""name"": ""Third Person"", ""tagid"": 1697}, {""name"": ""Mythology"", ""tagid"": 16094}, {""name"": ""Team-Based"", ""tagid"": 5711}, {""name"": ""Competitive"", ""tagid"": 3878}, {""name"": ""PvP"", ""tagid"": 1775}, {""name"": ""Strategy"", ""tagid"": 9}]"
42,236850,Europa Universalis IV,"[{""name"": ""Grand Strategy"", ""tagid"": 4364}, {""name"": ""Historical"", ""tagid"": 3987}, {""name"": ""Simulation"", ""tagid"": 599}, {""name"": ""Alternate History"", ""tagid"": 4598}, {""name"": ""Economy"", ""tagid"": 4695}, {""name"": ""Military"", ""tagid"": 4168}, {""name"": ""Sandbox"", ""tagid"": 3810}, {""name"": ""Political"", ""tagid"": 4853}, {""name"": ""Diplomacy"", ""tagid"": 6310}, {""name"": ""Strategy"", ""tagid"": 9}]"
43,648800,Raft,"[{""name"": ""Survival"", ""tagid"": 1662}, {""name"": ""Open World Survival Craft"", ""tagid"": 1100689}, {""name"": ""Multiplayer"", ""tagid"": 3859}, {""name"": ""Co-op"", ""tagid"": 1685}, {""name"": ""Crafting"", ""tagid"": 1702}, {""name"": ""Open World"", ""tagid"": 1695}, {""name"": ""Building"", ""tagid"": 1643}, {""name"": ""Base Building"", ""tagid"": 7332}, {""name"": ""Online Co-Op"", ""tagid"": 3843}, {""name"": ""Adventure"", ""tagid"": 21}]"
44,787860,Farming Simulator 19,"[{""name"": ""Simulation"", ""tagid"": 599}, {""name"": ""Farming Sim"", ""tagid"": 87918}, {""name"": ""Multiplayer"", ""tagid"": 3859}, {""name"": ""Agriculture"", ""tagid"": 22602}, {""name"": ""Realistic"", ""tagid"": 4175}, {""name"": ""Driving"", ""tagid"": 1644}, {""name"": ""Open World"", ""tagid"": 1695}, {""name"": ""Management"", ""tagid"": 12472}, {""name"": ""Singleplayer"", ""tagid"": 4182}, {""name"": ""Automobile Sim"", ""tagid"": 1100687}]"
45,323190,Frostpunk,"[{""name"": ""City Builder"", ""tagid"": 4328}, {""name"": ""Survival"", ""tagid"": 1662}, {""name"": ""Strategy"", ""tagid"": 9}, {""name"": ""Resource Management"", ""tagid"": 8945}, {""name"": ""Post-apocalyptic"", ""tagid"": 3835}, {""name"": ""Steampunk"", ""tagid"": 1777}, {""name"": ""Colony Sim"", ""tagid"": 220585}, {""name"": ""Building"", ""tagid"": 1643}, {""name"": ""Simulation"", ""tagid"": 599}, {""name"": ""Base Building"", ""tagid"": 7332}]"
46,413150,Stardew Valley,"[{""name"": ""Farming Sim"", ""tagid"": 87918}, {""name"": ""Life Sim"", ""tagid"": 10235}, {""name"": ""Pixel Graphics"", ""tagid"": 3964}, {""name"": ""RPG"", ""tagid"": 122}, {""name"": ""Multiplayer"", ""tagid"": 3859}, {""name"": ""Relaxing"", ""tagid"": 1654}, {""name"": ""Agriculture"", ""tagid"": 22602}, {""name"": ""Simulation"", ""tagid"": 599}, {""name"": ""Crafting"", ""tagid"": 1702}, {""name"": ""Sandbox"", ""tagid"": 3810}]"
47,294100,RimWorld,"[{""name"": ""Colony Sim"", ""tagid"": 220585}, {""name"": ""Base Building"", ""tagid"": 7332}, {""name"": ""Survival"", ""tagid"": 1662}, {""name"": ""Strategy"", ""tagid"": 9}, {""name"": ""Management"", ""tagid"": 12472}, {""name"": ""Sandbox"", ""tagid"": 3810}, {""name"": ""Building"", ""tagid"": 1643}, {""name"": ""Simulation"", ""tagid"": 599}, {""name"": ""City Builder"", ""tagid"": 4328}, {""name"": ""Singleplayer"", ""tagid"": 4182}]"
48,552520,Far Cry® 5,"[{""name"": ""Open World"", ""tagid"": 1695}, {""name"": ""Co-op"", ""tagid"": 1685}, {""name"": ""Action"", ""tagid"": 19}, {""name"": ""Multiplayer"", ""tagid"": 3859}, {""name"": ""FPS"", ""tagid"": 1663}, {""name"": ""Shooter"", ""tagid"": 1774}, {""name"": ""Adventure"", ""tagid"": 21}, {""name"": ""Singleplayer"", ""tagid"": 4182}, {""name"": ""First-Person"", ""tagid"": 3839}, {""name"": ""Survival"", ""tagid"": 1662}]"
49,394360,Hearts of Iron IV,"[{""name"": ""Strategy"", ""tagid"": 9}, {""name"": ""World War II"", ""tagid"": 4150}, {""name"": ""Grand Strategy"", ""tagid"": 4364}, {""name"": ""Historical"", ""tagid"": 3987}, {""name"": ""War"", ""tagid"": 1678}, {""name"": ""Military"", ""tagid"": 4168}, {""name"": ""Alternate History"", ""tagid"": 4598}, {""name"": ""Multiplayer"", ""tagid"": 3859}, {""name"": ""Simulation"", ""tagid"": 599}, {""name"": ""Tactical"", ""tagid"": 1708}]"
50,431960,Wallpaper Engine,"[{""name"": ""Mature"", ""tagid"": 5611}, {""name"": ""Utilities"", ""tagid"": 87}, {""name"": ""Software"", ""tagid"": 8013}, {""name"": ""Anime"", ""tagid"": 4085}, {""name"": ""Design & Illustration"", ""tagid"": 84}, {""name"": ""Animation & Modeling"", ""tagid"": 872}, {""name"": ""Casual"", ""tagid"": 597}, {""name"": ""Memes"", ""tagid"": 10397}, {""name"": ""Indie"", ""tagid"": 492}, {""name"": ""Cute"", ""tagid"": 4726}]"
51,518790,theHunter: Call of the Wild™,"[{""name"": ""Hunting"", ""tagid"": 9564}, {""name"": ""Open World"", ""tagid"": 1695}, {""name"": ""Multiplayer"", ""tagid"": 3859}, {""name"": ""Simulation"", ""tagid"": 599}, {""name"": ""First-Person"", ""tagid"": 3839}, {""name"": ""Shooter"", ""tagid"": 1774}, {""name"": ""Survival"", ""tagid"": 1662}, {""name"": ""Realistic"", ""tagid"": 4175}, {""name"": ""Co-op"", ""tagid"": 1685}, {""name"": ""Adventure"", ""tagid"": 21}]"
52,203770,Crusader Kings II,"[{""name"": ""Grand Strategy"", ""tagid"": 4364}, {""name"": ""Strategy"", ""tagid"": 9}, {""name"": ""Medieval"", ""tagid"": 4172}, {""name"": ""Historical"", ""tagid"": 3987}, {""name"": ""Political Sim"", ""tagid"": 26921}, {""name"": ""Simulation"", ""tagid"": 599}, {""name"": ""RPG"", ""tagid"": 122}, {""name"": ""Sandbox"", ""tagid"": 3810}, {""name"": ""Multiplayer"", ""tagid"": 3859}, {""name"": ""Politics"", ""tagid"": 4754}]"
53,1089350,NBA 2K20,"[{""name"": ""Basketball"", ""tagid"": 1746}, {""name"": ""Sports"", ""tagid"": 701}, {""name"": ""Simulation"", ""tagid"": 599}, {""name"": ""Multiplayer"", ""tagid"": 3859}, {""name"": ""Singleplayer"", ""tagid"": 4182}, {""name"": ""Capitalism"", ""tagid"": 4845}, {""name"": ""Loot"", ""tagid"": 4236}, {""name"": ""Casual"", ""tagid"": 597}, {""name"": ""Local Multiplayer"", ""tagid"": 7368}, {""name"": ""Controller"", ""tagid"": 7481}]"
54,377160,Fallout 4,"[{""name"": ""Open World"", ""tagid"": 1695}, {""name"": ""Post-apocalyptic"", ""tagid"": 3835}, {""name"": ""Exploration"", ""tagid"": 3834}, {""name"": ""Singleplayer"", ""tagid"": 4182}, {""name"": ""RPG"", ""tagid"": 122}, {""name"": ""Atmospheric"", ""tagid"": 4166}, {""name"": ""Adventure"", ""tagid"": 21}, {""name"": ""Shooter"", ""tagid"": 1774}, {""name"": ""First-Person"", ""tagid"": 3839}, {""name"": ""Story Rich"", ""tagid"": 1742}]"
55,601510,Yu-Gi-Oh! Duel Links,"[{""name"": ""Free to Play"", ""tagid"": 113}, {""name"": ""Card Game"", ""tagid"": 1666}, {""name"": ""Anime"", ""tagid"": 4085}, {""name"": ""Strategy"", ""tagid"": 9}, {""name"": ""Multiplayer"", ""tagid"": 3859}, {""name"": ""Trading Card Game"", ""tagid"": 9271}, {""name"": ""Singleplayer"", ""tagid"": 4182}, {""name"": ""Turn-Based"", ""tagid"": 1677}, {""name"": ""Competitive"", ""tagid"": 3878}, {""name"": ""Casual"", ""tagid"": 597}]"
56,613100,House Flipper,"[{""name"": ""Simulation"", ""tagid"": 599}, {""name"": ""Design & Illustration"", ""tagid"": 84}, {""name"": ""Singleplayer"", ""tagid"": 4182}, {""name"": ""Sandbox"", ""tagid"": 3810}, {""name"": ""Building"", ""tagid"": 1643}, {""name"": ""Relaxing"", ""tagid"": 1654}, {""name"": ""Education"", ""tagid"": 1036}, {""name"": ""Immersive Sim"", ""tagid"": 9204}, {""name"": ""Casual"", ""tagid"": 597}, {""name"": ""Family Friendly"", ""tagid"": 5350}]"
57,750920,Shadow of the Tomb Raider: Definitive Edition,"[{""name"": ""Adventure"", ""tagid"": 21}, {""name"": ""Action"", ""tagid"": 19}, {""name"": ""Female Protagonist"", ""tagid"": 7208}, {""name"": ""Singleplayer"", ""tagid"": 4182}, {""name"": ""Third Person"", ""tagid"": 1697}, {""name"": ""Open World"", ""tagid"": 1695}, {""name"": ""Story Rich"", ""tagid"": 1742}, {""name"": ""Puzzle"", ""tagid"": 1664}, {""name"": ""Stealth"", ""tagid"": 1687}, {""name"": ""Action-Adventure"", ""tagid"": 4106}]"
58,374320,DARK SOULS™ III,"[{""name"": ""Souls-like"", ""tagid"": 29482}, {""name"": ""Dark Fantasy"", ""tagid"": 4604}, {""name"": ""Difficult"", ""tagid"": 4026}, {""name"": ""RPG"", ""tagid"": 122}, {""name"": ""Atmospheric"", ""tagid"": 4166}, {""name"": ""Lore-Rich"", ""tagid"": 3854}, {""name"": ""Third Person"", ""tagid"": 1697}, {""name"": ""Exploration"", ""tagid"": 3834}, {""name"": ""Story Rich"", ""tagid"": 1742}, {""name"": ""Action RPG"", ""tagid"": 4231}]"
59,364360,Total War: WARHAMMER,"[{""name"": ""Strategy"", ""tagid"": 9}, {""name"": ""Fantasy"", ""tagid"": 1684}, {""name"": ""RTS"", ""tagid"": 1676}, {""name"": ""War"", ""tagid"": 1678}, {""name"": ""Turn-Based Strategy"", ""tagid"": 1741}, {""name"": ""Games Workshop"", ""tagid"": 5310}, {""name"": ""Grand Strategy"", ""tagid"": 4364}, {""name"": ""Multiplayer"", ""tagid"": 3859}, {""name"": ""Tactical"", ""tagid"": 1708}, {""name"": ""Dark Fantasy"", ""tagid"": 4604}]"
60,379430,Kingdom Come: Deliverance,"[{""name"": ""Medieval"", ""tagid"": 4172}, {""name"": ""RPG"", ""tagid"": 122}, {""name"": ""Open World"", ""tagid"": 1695}, {""name"": ""Realistic"", ""tagid"": 4175}, {""name"": ""Singleplayer"", ""tagid"": 4182}, {""name"": ""Historical"", ""tagid"": 3987}, {""name"": ""Adventure"", ""tagid"": 21}, {""name"": ""First-Person"", ""tagid"": 3839}, {""name"": ""Story Rich"", ""tagid"": 1742}, {""name"": ""Swordplay"", ""tagid"": 4608}]"
61,502500,ACE COMBAT™ 7: SKIES UNKNOWN,"[{""name"": ""Flight"", ""tagid"": 15045}, {""name"": ""Jet"", ""tagid"": 92092}, {""name"": ""Military"", ""tagid"": 4168}, {""name"": ""War"", ""tagid"": 1678}, {""name"": ""Shooter"", ""tagid"": 1774}, {""name"": ""Arcade"", ""tagid"": 1773}, {""name"": ""Cinematic"", ""tagid"": 4145}, {""name"": ""PvP"", ""tagid"": 1775}, {""name"": ""Simulation"", ""tagid"": 599}, {""name"": ""First-Person"", ""tagid"": 3839}]"
62,728880,Overcooked! 2,"[{""name"": ""Multiplayer"", ""tagid"": 3859}, {""name"": ""Online Co-Op"", ""tagid"": 3843}, {""name"": ""Local Co-Op"", ""tagid"": 3841}, {""name"": ""Casual"", ""tagid"": 597}, {""name"": ""Co-op"", ""tagid"": 1685}, {""name"": ""Funny"", ""tagid"": 4136}, {""name"": ""Indie"", ""tagid"": 492}, {""name"": ""Action"", ""tagid"": 19}, {""name"": ""4 Player Local"", ""tagid"": 4840}, {""name"": ""Local Multiplayer"", ""tagid"": 7368}]"
63,813780,Age of Empires II: Definitive Edition,"[{""name"": ""Strategy"", ""tagid"": 9}, {""name"": ""RTS"", ""tagid"": 1676}, {""name"": ""City Builder"", ""tagid"": 4328}, {""name"": ""Multiplayer"", ""tagid"": 3859}, {""name"": ""Base Building"", ""tagid"": 7332}, {""name"": ""Historical"", ""tagid"": 3987}, {""name"": ""Medieval"", ""tagid"": 4172}, {""name"": ""Singleplayer"", ""tagid"": 4182}, {""name"": ""Classic"", ""tagid"": 1693}, {""name"": ""Resource Management"", ""tagid"": 8945}]"
64,794260,Outward,"[{""name"": ""RPG"", ""tagid"": 122}, {""name"": ""Open World"", ""tagid"": 1695}, {""name"": ""Survival"", ""tagid"": 1662}, {""name"": ""Co-op"", ""tagid"": 1685}, {""name"": ""Online Co-Op"", ""tagid"": 3843}, {""name"": ""Souls-like"", ""tagid"": 29482}, {""name"": ""Fantasy"", ""tagid"": 1684}, {""name"": ""Adventure"", ""tagid"": 21}, {""name"": ""Local Co-Op"", ""tagid"": 3841}, {""name"": ""Split Screen"", ""tagid"": 10816}]"
65,242760,The Forest,"[{""name"": ""Open World Survival Craft"", ""tagid"": 1100689}, {""name"": ""Survival"", ""tagid"": 1662}, {""name"": ""Open World"", ""tagid"": 1695}, {""name"": ""Horror"", ""tagid"": 1667}, {""name"": ""Crafting"", ""tagid"": 1702}, {""name"": ""Adventure"", ""tagid"": 21}, {""name"": ""Building"", ""tagid"": 1643}, {""name"": ""Survival Horror"", ""tagid"": 3978}, {""name"": ""First-Person"", ""tagid"": 3839}, {""name"": ""Action"", ""tagid"": 19}]"
66,275850,No Man's Sky,"[{""name"": ""Open World"", ""tagid"": 1695}, {""name"": ""Open World Survival Craft"", ""tagid"": 1100689}, {""name"": ""Space"", ""tagid"": 1755}, {""name"": ""Exploration"", ""tagid"": 3834}, {""name"": ""Sci-fi"", ""tagid"": 3942}, {""name"": ""Survival"", ""tagid"": 1662}, {""name"": ""Procedural Generation"", ""tagid"": 5125}, {""name"": ""Adventure"", ""tagid"": 21}, {""name"": ""First-Person"", ""tagid"": 3839}, {""name"": ""Sandbox"", ""tagid"": 3810}]"
67,648350,Jurassic World Evolution,"[{""name"": ""Building"", ""tagid"": 1643}, {""name"": ""Dinosaurs"", ""tagid"": 5160}, {""name"": ""Simulation"", ""tagid"": 599}, {""name"": ""Management"", ""tagid"": 12472}, {""name"": ""Strategy"", ""tagid"": 9}, {""name"": ""Sandbox"", ""tagid"": 3810}, {""name"": ""Singleplayer"", ""tagid"": 4182}, {""name"": ""City Builder"", ""tagid"": 4328}, {""name"": ""Sci-fi"", ""tagid"": 3942}, {""name"": ""Economy"", ""tagid"": 4695}]"
68,620980,Beat Saber,"[{""name"": ""VR"", ""tagid"": 21978}, {""name"": ""Rhythm"", ""tagid"": 1752}, {""name"": ""Music"", ""tagid"": 1621}, {""name"": ""Great Soundtrack"", ""tagid"": 1756}, {""name"": ""Indie"", ""tagid"": 492}, {""name"": ""Fast-Paced"", ""tagid"": 1734}, {""name"": ""Singleplayer"", ""tagid"": 4182}, {""name"": ""Moddable"", ""tagid"": 1669}, {""name"": ""First-Person"", ""tagid"": 3839}, {""name"": ""Difficult"", ""tagid"": 4026}]"
69,841370,NBA 2K19,"[{""name"": ""Sports"", ""tagid"": 701}, {""name"": ""Basketball"", ""tagid"": 1746}, {""name"": ""Simulation"", ""tagid"": 599}, {""name"": ""Multiplayer"", ""tagid"": 3859}, {""name"": ""Singleplayer"", ""tagid"": 4182}, {""name"": ""eSports"", ""tagid"": 5055}, {""name"": ""Co-op"", ""tagid"": 1685}, {""name"": ""Great Soundtrack"", ""tagid"": 1756}, {""name"": ""Competitive"", ""tagid"": 3878}, {""name"": ""Funny"", ""tagid"": 4136}]"
70,535930,Two Point Hospital,"[{""name"": ""Simulation"", ""tagid"": 599}, {""name"": ""Medical Sim"", ""tagid"": 1100688}, {""name"": ""Management"", ""tagid"": 12472}, {""name"": ""Building"", ""tagid"": 1643}, {""name"": ""Funny"", ""tagid"": 4136}, {""name"": ""Singleplayer"", ""tagid"": 4182}, {""name"": ""Indie"", ""tagid"": 492}, {""name"": ""Strategy"", ""tagid"": 9}, {""name"": ""Sandbox"", ""tagid"": 3810}, {""name"": ""Comedy"", ""tagid"": 1719}]"
71,460930,Tom Clancy's Ghost Recon® Wildlands,"[{""name"": ""Open World"", ""tagid"": 1695}, {""name"": ""Shooter"", ""tagid"": 1774}, {""name"": ""Multiplayer"", ""tagid"": 3859}, {""name"": ""Co-op"", ""tagid"": 1685}, {""name"": ""Action"", ""tagid"": 19}, {""name"": ""Stealth"", ""tagid"": 1687}, {""name"": ""Tactical"", ""tagid"": 1708}, {""name"": ""Singleplayer"", ""tagid"": 4182}, {""name"": ""Third-Person Shooter"", ""tagid"": 3814}, {""name"": ""Military"", ""tagid"": 4168}]"
72,492720,Tropico 6,"[{""name"": ""Strategy"", ""tagid"": 9}, {""name"": ""City Builder"", ""tagid"": 4328}, {""name"": ""Simulation"", ""tagid"": 599}, {""name"": ""Economy"", ""tagid"": 4695}, {""name"": ""Management"", ""tagid"": 12472}, {""name"": ""Political Sim"", ""tagid"": 26921}, {""name"": ""Sandbox"", ""tagid"": 3810}, {""name"": ""Multiplayer"", ""tagid"": 3859}, {""name"": ""Politics"", ""tagid"": 4754}, {""name"": ""Building"", ""tagid"": 1643}]"
73,816020,JUMP FORCE,"[{""name"": ""Anime"", ""tagid"": 4085}, {""name"": ""Fighting"", ""tagid"": 1743}, {""name"": ""Action"", ""tagid"": 19}, {""name"": ""Multiplayer"", ""tagid"": 3859}, {""name"": ""Character Customization"", ""tagid"": 4747}, {""name"": ""Singleplayer"", ""tagid"": 4182}, {""name"": ""Local Multiplayer"", ""tagid"": 7368}, {""name"": ""RPG"", ""tagid"": 122}, {""name"": ""Open World"", ""tagid"": 1695}, {""name"": ""Controller"", ""tagid"": 7481}]"
74,606880,GreedFall,"[{""name"": ""RPG"", ""tagid"": 122}, {""name"": ""Open World"", ""tagid"": 1695}, {""name"": ""Character Customization"", ""tagid"": 4747}, {""name"": ""Singleplayer"", ""tagid"": 4182}, {""name"": ""Choices Matter"", ""tagid"": 6426}, {""name"": ""Story Rich"", ""tagid"": 1742}, {""name"": ""Third Person"", ""tagid"": 1697}, {""name"": ""Fantasy"", ""tagid"": 1684}, {""name"": ""Adventure"", ""tagid"": 21}, {""name"": ""Sexual Content"", ""tagid"": 12095}]"
75,268500,XCOM® 2,"[{""name"": ""Strategy"", ""tagid"": 9}, {""name"": ""Turn-Based"", ""tagid"": 1677}, {""name"": ""Turn-Based Strategy"", ""tagid"": 1741}, {""name"": ""Tactical"", ""tagid"": 1708}, {""name"": ""Turn-Based Tactics"", ""tagid"": 14139}, {""name"": ""Aliens"", ""tagid"": 1673}, {""name"": ""Sci-fi"", ""tagid"": 3942}, {""name"": ""Character Customization"", ""tagid"": 4747}, {""name"": ""Singleplayer"", ""tagid"": 4182}, {""name"": ""Difficult"", ""tagid"": 4026}]"
76,976310,Mortal Kombat 11,"[{""name"": ""Fighting"", ""tagid"": 1743}, {""name"": ""Gore"", ""tagid"": 4345}, {""name"": ""Violent"", ""tagid"": 4667}, {""name"": ""Multiplayer"", ""tagid"": 3859}, {""name"": ""Blood"", ""tagid"": 5228}, {""name"": ""Action"", ""tagid"": 19}, {""name"": ""2D Fighter"", ""tagid"": 4736}, {""name"": ""Mature"", ""tagid"": 5611}, {""name"": ""Competitive"", ""tagid"": 3878}, {""name"": ""Character Customization"", ""tagid"": 4747}]"
77,1097840,Gears 5,"[{""name"": ""Action"", ""tagid"": 19}, {""name"": ""Adventure"", ""tagid"": 21}, {""name"": ""Multiplayer"", ""tagid"": 3859}, {""name"": ""Third-Person Shooter"", ""tagid"": 3814}, {""name"": ""Co-op"", ""tagid"": 1685}, {""name"": ""Singleplayer"", ""tagid"": 4182}, {""name"": ""Gore"", ""tagid"": 4345}, {""name"": ""Shooter"", ""tagid"": 1774}, {""name"": ""Violent"", ""tagid"": 4667}, {""name"": ""Female Protagonist"", ""tagid"": 7208}]"
78,939960,Far Cry® New Dawn,"[{""name"": ""Open World"", ""tagid"": 1695}, {""name"": ""FPS"", ""tagid"": 1663}, {""name"": ""Action"", ""tagid"": 19}, {""name"": ""Co-op"", ""tagid"": 1685}, {""name"": ""Post-apocalyptic"", ""tagid"": 3835}, {""name"": ""Multiplayer"", ""tagid"": 3859}, {""name"": ""Adventure"", ""tagid"": 21}, {""name"": ""First-Person"", ""tagid"": 3839}, {""name"": ""Shooter"", ""tagid"": 1774}, {""name"": ""Online Co-Op"", ""tagid"": 3843}]"
79,219990,Grim Dawn,"[{""name"": ""Action RPG"", ""tagid"": 4231}, {""name"": ""Dark Fantasy"", ""tagid"": 4604}, {""name"": ""Hack and Slash"", ""tagid"": 1646}, {""name"": ""RPG"", ""tagid"": 122}, {""name"": ""Loot"", ""tagid"": 4236}, {""name"": ""Dungeon Crawler"", ""tagid"": 1720}, {""name"": ""Co-op"", ""tagid"": 1685}, {""name"": ""Dark"", ""tagid"": 4342}, {""name"": ""Multiplayer"", ""tagid"": 3859}, {""name"": ""Singleplayer"", ""tagid"": 4182}]"
80,848450,Subnautica: Below Zero,"[{""name"": ""Open World Survival Craft"", ""tagid"": 1100689}, {""name"": ""Survival"", ""tagid"": 1662}, {""name"": ""Underwater"", ""tagid"": 9157}, {""name"": ""Open World"", ""tagid"": 1695}, {""name"": ""Singleplayer"", ""tagid"": 4182}, {""name"": ""Exploration"", ""tagid"": 3834}, {""name"": ""Adventure"", ""tagid"": 21}, {""name"": ""Base Building"", ""tagid"": 7332}, {""name"": ""Horror"", ""tagid"": 1667}, {""name"": ""Crafting"", ""tagid"": 1702}]"
81,444090,Paladins®,"[{""name"": ""Hero Shooter"", ""tagid"": 620519}, {""name"": ""Free to Play"", ""tagid"": 113}, {""name"": ""Multiplayer"", ""tagid"": 3859}, {""name"": ""FPS"", ""tagid"": 1663}, {""name"": ""Shooter"", ""tagid"": 1774}, {""name"": ""Action"", ""tagid"": 19}, {""name"": ""Team-Based"", ""tagid"": 5711}, {""name"": ""First-Person"", ""tagid"": 3839}, {""name"": ""PvP"", ""tagid"": 1775}, {""name"": ""MOBA"", ""tagid"": 1718}]"
82,552990,World of Warships,"[{""name"": ""Naval Combat"", ""tagid"": 4994}, {""name"": ""Free to Play"", ""tagid"": 113}, {""name"": ""Naval"", ""tagid"": 6910}, {""name"": ""World War II"", ""tagid"": 4150}, {""name"": ""Massively Multiplayer"", ""tagid"": 128}, {""name"": ""Action"", ""tagid"": 19}, {""name"": ""PvP"", ""tagid"": 1775}, {""name"": ""Tactical"", ""tagid"": 1708}, {""name"": ""Multiplayer"", ""tagid"": 3859}, {""name"": ""Historical"", ""tagid"": 3987}]"
83,508440,Totally Accurate Battle Simulator,"[{""name"": ""Sandbox"", ""tagid"": 3810}, {""name"": ""Funny"", ""tagid"": 4136}, {""name"": ""Simulation"", ""tagid"": 599}, {""name"": ""Physics"", ""tagid"": 3968}, {""name"": ""Singleplayer"", ""tagid"": 4182}, {""name"": ""Indie"", ""tagid"": 492}, {""name"": ""Adventure"", ""tagid"": 21}, {""name"": ""Realistic"", ""tagid"": 4175}, {""name"": ""War"", ""tagid"": 1678}, {""name"": ""Strategy"", ""tagid"": 9}]"
84,233860,Kenshi,"[{""name"": ""Open World"", ""tagid"": 1695}, {""name"": ""Sandbox"", ""tagid"": 3810}, {""name"": ""RPG"", ""tagid"": 122}, {""name"": ""Survival"", ""tagid"": 1662}, {""name"": ""Strategy"", ""tagid"": 9}, {""name"": ""Building"", ""tagid"": 1643}, {""name"": ""Post-apocalyptic"", ""tagid"": 3835}, {""name"": ""Crafting"", ""tagid"": 1702}, {""name"": ""Singleplayer"", ""tagid"": 4182}, {""name"": ""Base Building"", ""tagid"": 7332}]"
85,1091500,Cyberpunk 2077,"[{""name"": ""Cyberpunk"", ""tagid"": 4115}, {""name"": ""Open World"", ""tagid"": 1695}, {""name"": ""RPG"", ""tagid"": 122}, {""name"": ""Sci-fi"", ""tagid"": 3942}, {""name"": ""Futuristic"", ""tagid"": 4295}, {""name"": ""Singleplayer"", ""tagid"": 4182}, {""name"": ""Nudity"", ""tagid"": 6650}, {""name"": ""FPS"", ""tagid"": 1663}, {""name"": ""First-Person"", ""tagid"": 3839}, {""name"": ""Atmospheric"", ""tagid"": 4166}]"
86,361420,ASTRONEER,"[{""name"": ""Multiplayer"", ""tagid"": 3859}, {""name"": ""Open World"", ""tagid"": 1695}, {""name"": ""Open World Survival Craft"", ""tagid"": 1100689}, {""name"": ""Space"", ""tagid"": 1755}, {""name"": ""Survival"", ""tagid"": 1662}, {""name"": ""Exploration"", ""tagid"": 3834}, {""name"": ""Base Building"", ""tagid"": 7332}, {""name"": ""Co-op"", ""tagid"": 1685}, {""name"": ""Sandbox"", ""tagid"": 3810}, {""name"": ""Adventure"", ""tagid"": 21}]"
87,581320,Insurgency: Sandstorm,"[{""name"": ""FPS"", ""tagid"": 1663}, {""name"": ""Realistic"", ""tagid"": 4175}, {""name"": ""Shooter"", ""tagid"": 1774}, {""name"": ""Military"", ""tagid"": 4168}, {""name"": ""Multiplayer"", ""tagid"": 3859}, {""name"": ""Tactical"", ""tagid"": 1708}, {""name"": ""Action"", ""tagid"": 19}, {""name"": ""First-Person"", ""tagid"": 3839}, {""name"": ""Online Co-Op"", ""tagid"": 3843}, {""name"": ""War"", ""tagid"": 1678}]"
88,489830,The Elder Scrolls V: Skyrim Special Edition,"[{""name"": ""Open World"", ""tagid"": 1695}, {""name"": ""RPG"", ""tagid"": 122}, {""name"": ""Adventure"", ""tagid"": 21}, {""name"": ""Singleplayer"", ""tagid"": 4182}, {""name"": ""Fantasy"", ""tagid"": 1684}, {""name"": ""Character Customization"", ""tagid"": 4747}, {""name"": ""Dragons"", ""tagid"": 4046}, {""name"": ""Moddable"", ""tagid"": 1669}, {""name"": ""Story Rich"", ""tagid"": 1742}, {""name"": ""Magic"", ""tagid"": 4057}]"
89,239140,Dying Light,"[{""name"": ""Zombies"", ""tagid"": 1659}, {""name"": ""Survival Horror"", ""tagid"": 3978}, {""name"": ""Horror"", ""tagid"": 1667}, {""name"": ""Online Co-Op"", ""tagid"": 3843}, {""name"": ""Open World"", ""tagid"": 1695}, {""name"": ""Parkour"", ""tagid"": 4036}, {""name"": ""First-Person"", ""tagid"": 3839}, {""name"": ""Survival"", ""tagid"": 1662}, {""name"": ""Open World Survival Craft"", ""tagid"": 1100689}, {""name"": ""Action"", ""tagid"": 19}]"
90,105600,Terraria,"[{""name"": ""Open World Survival Craft"", ""tagid"": 1100689}, {""name"": ""Sandbox"", ""tagid"": 3810}, {""name"": ""Survival"", ""tagid"": 1662}, {""name"": ""2D"", ""tagid"": 3871}, {""name"": ""Multiplayer"", ""tagid"": 3859}, {""name"": ""Adventure"", ""tagid"": 21}, {""name"": ""Crafting"", ""tagid"": 1702}, {""name"": ""Pixel Graphics"", ""tagid"": 3964}, {""name"": ""Building"", ""tagid"": 1643}, {""name"": ""Exploration"", ""tagid"": 3834}]"
91,322330,Don't Starve Together,"[{""name"": ""Survival"", ""tagid"": 1662}, {""name"": ""Open World Survival Craft"", ""tagid"": 1100689}, {""name"": ""Multiplayer"", ""tagid"": 3859}, {""name"": ""Co-op"", ""tagid"": 1685}, {""name"": ""Open World"", ""tagid"": 1695}, {""name"": ""Adventure"", ""tagid"": 21}, {""name"": ""Crafting"", ""tagid"": 1702}, {""name"": ""Online Co-Op"", ""tagid"": 3843}, {""name"": ""Sandbox"", ""tagid"": 3810}, {""name"": ""Difficult"", ""tagid"": 4026}]"
92,493340,Planet Coaster,"[{""name"": ""Simulation"", ""tagid"": 599}, {""name"": ""Building"", ""tagid"": 1643}, {""name"": ""Management"", ""tagid"": 12472}, {""name"": ""Family Friendly"", ""tagid"": 5350}, {""name"": ""Sandbox"", ""tagid"": 3810}, {""name"": ""Relaxing"", ""tagid"": 1654}, {""name"": ""Strategy"", ""tagid"": 9}, {""name"": ""Realistic"", ""tagid"": 4175}, {""name"": ""Funny"", ""tagid"": 4136}, {""name"": ""Great Soundtrack"", ""tagid"": 1756}]"
93,440900,Conan Exiles,"[{""name"": ""Survival"", ""tagid"": 1662}, {""name"": ""Open World"", ""tagid"": 1695}, {""name"": ""Building"", ""tagid"": 1643}, {""name"": ""Nudity"", ""tagid"": 6650}, {""name"": ""Open World Survival Craft"", ""tagid"": 1100689}, {""name"": ""Crafting"", ""tagid"": 1702}, {""name"": ""Multiplayer"", ""tagid"": 3859}, {""name"": ""RPG"", ""tagid"": 122}, {""name"": ""Sandbox"", ""tagid"": 3810}, {""name"": ""Massively Multiplayer"", ""tagid"": 128}]"
94,863550,HITMAN™ 2,"[{""name"": ""Stealth"", ""tagid"": 1687}, {""name"": ""Assassin"", ""tagid"": 4376}, {""name"": ""Action"", ""tagid"": 19}, {""name"": ""Singleplayer"", ""tagid"": 4182}, {""name"": ""Third Person"", ""tagid"": 1697}, {""name"": ""Multiplayer"", ""tagid"": 3859}, {""name"": ""Violent"", ""tagid"": 4667}, {""name"": ""Open World"", ""tagid"": 1695}, {""name"": ""Sandbox"", ""tagid"": 3810}, {""name"": ""Strategy"", ""tagid"": 9}]"
95,477160,Human: Fall Flat,"[{""name"": ""Co-op"", ""tagid"": 1685}, {""name"": ""Puzzle"", ""tagid"": 1664}, {""name"": ""Adventure"", ""tagid"": 21}, {""name"": ""Funny"", ""tagid"": 4136}, {""name"": ""Physics"", ""tagid"": 3968}, {""name"": ""Action"", ""tagid"": 19}, {""name"": ""Sandbox"", ""tagid"": 3810}, {""name"": ""Puzzle Platformer"", ""tagid"": 5537}, {""name"": ""Open World"", ""tagid"": 1695}, {""name"": ""Multiplayer"", ""tagid"": 3859}]"
96,859580,Imperator: Rome,"[{""name"": ""Strategy"", ""tagid"": 9}, {""name"": ""Grand Strategy"", ""tagid"": 4364}, {""name"": ""Simulation"", ""tagid"": 599}, {""name"": ""Rome"", ""tagid"": 6948}, {""name"": ""Historical"", ""tagid"": 3987}, {""name"": ""Political Sim"", ""tagid"": 26921}, {""name"": ""Singleplayer"", ""tagid"": 4182}, {""name"": ""Political"", ""tagid"": 4853}, {""name"": ""Management"", ""tagid"": 12472}, {""name"": ""Multiplayer"", ""tagid"": 3859}]"
97,692850,Bloodstained: Ritual of the Night,"[{""name"": ""Metroidvania"", ""tagid"": 1628}, {""name"": ""RPG"", ""tagid"": 122}, {""name"": ""Action"", ""tagid"": 19}, {""name"": ""Female Protagonist"", ""tagid"": 7208}, {""name"": ""Adventure"", ""tagid"": 21}, {""name"": ""Anime"", ""tagid"": 4085}, {""name"": ""Side Scroller"", ""tagid"": 3798}, {""name"": ""2.5D"", ""tagid"": 4975}, {""name"": ""Platformer"", ""tagid"": 1625}, {""name"": ""Great Soundtrack"", ""tagid"": 1756}]"
98,548570,RAGE 2,"[{""name"": ""Action"", ""tagid"": 19}, {""name"": ""FPS"", ""tagid"": 1663}, {""name"": ""Open World"", ""tagid"": 1695}, {""name"": ""Post-apocalyptic"", ""tagid"": 3835}, {""name"": ""Vehicular Combat"", ""tagid"": 11104}, {""name"": ""Automobile Sim"", ""tagid"": 1100687}, {""name"": ""Gore"", ""tagid"": 4345}, {""name"": ""Singleplayer"", ""tagid"": 4182}, {""name"": ""Shooter"", ""tagid"": 1774}, {""name"": ""Violent"", ""tagid"": 4667}]"
99,594650,Hunt: Showdown,"[{""name"": ""Hunting"", ""tagid"": 9564}, {""name"": ""Dark"", ""tagid"": 4342}, {""name"": ""Tactical"", ""tagid"": 1708}, {""name"": ""FPS"", ""tagid"": 1663}, {""name"": ""Horror"", ""tagid"": 1667}, {""name"": ""Western"", ""tagid"": 1647}, {""name"": ""Perma Death"", ""tagid"": 1759}, {""name"": ""Multiplayer"", ""tagid"": 3859}, {""name"": ""PvP"", ""tagid"": 1775}, {""name"": ""Survival"", ""tagid"": 1662}]"
